,_id,length,n_geospans
0,3083404,41375,8
1,5005014,47897,37
2,5832760,25161,6
3,3231434,15334,1
4,6022700,43280,0
5,5874947,19164,27
6,4812528,61294,45
7,4607703,35026,5
8,2584063,18191,15
9,3890461,11646,7
10,4415768,30661,38
11,4191283,50842,206
12,4996631,28833,7
13,2488396,39496,4
14,3277434,52901,23
15,5575138,44528,3
16,3167860,39499,4
17,4731053,29853,13
18,4990241,43022,37
19,3945610,65128,9
20,6249329,32351,13
21,5656659,42884,29
22,4546277,30029,95
23,3835247,38338,3
24,5952523,46910,0
25,5636095,45821,1
26,6175279,44644,23
27,5011764,28994,12
28,2761779,47172,15
29,3216932,19434,17
30,4409409,19301,19
31,4183475,44389,47
32,4635406,13736,6
33,5897922,52317,11
34,3407111,31046,11
35,5766567,26592,43
36,4637859,36484,7
37,4501784,29860,26
38,6307996,27070,27
39,3543462,50533,67
40,3955600,20365,5
41,5309900,81991,165
42,4698456,25863,98
43,4671591,26510,29
44,6301289,34458,34
45,4676690,40843,29
46,3914028,30709,23
47,5496219,42225,15
48,3471635,19914,48
49,6175292,64375,14
50,3250406,32773,37
51,3364994,36551,35
52,6356669,25614,27
53,5075900,30969,8
54,2948002,35230,111
55,6370777,30894,23
56,2311384,39602,18
57,5756437,40307,37
58,4747541,44252,22
59,5253468,47552,20
60,5102406,49118,34
61,5773331,37714,22
62,6275175,38714,21
63,4894885,36864,11
64,3270857,57411,46
65,4079170,51651,23
66,3878832,35740,1
67,5853265,37907,32
68,3396313,26994,59
69,4342727,25890,68
70,6092377,18206,29
71,4454509,48182,21
72,3902193,35954,39
73,2583909,29501,8
74,4535858,33346,14
75,4138497,20157,8
76,5544785,31505,22
77,2134928,27447,7
78,5331184,48955,12
79,5130254,34425,101
80,3686182,35540,23
81,5875287,26259,79
82,5551272,26756,32
83,2873378,55527,153
84,5521105,27363,69
85,3652730,41010,16
86,3316996,64245,49
87,5004245,31712,37
88,5654967,43985,29
89,4574048,26409,36
90,4322094,37199,14
91,3290621,50889,110
92,6286336,22158,6
93,4270394,33490,19
94,3359306,24161,1
95,5108252,47193,20
96,5330866,22269,21
97,4444039,53582,184
98,4408085,41712,10
99,3666211,85534,115
100,5661007,58022,42
101,3475668,36320,4
102,5620589,31633,25
103,5901160,41209,99
104,3514241,47003,6
105,5395233,28318,14
106,4482603,37006,11
107,3908740,37807,6
108,6152973,26708,7
109,6286400,30874,54
110,4361784,18733,60
111,2988200,45244,81
112,5219665,25040,6
113,5064085,34040,20
114,5797562,50008,53
115,3861309,31756,14
116,2525495,35263,38
117,6083654,37891,4
118,3142343,23662,0
119,2652036,31858,18
120,6180657,34464,13
121,5608431,40125,11
122,3917470,36836,10
123,3988939,18561,94
124,3840006,46521,10
125,5209825,32581,95
126,4594118,39977,28
127,4728546,26354,33
128,5779060,30897,7
129,5944063,31246,60
130,4659694,17483,0
131,4378621,49239,103
132,5007034,37011,10
133,5291402,24589,13
134,2613372,33033,61
135,6282129,26646,24
136,4814105,32371,35
137,4391242,44505,38
138,3316559,24456,8
139,4821902,21963,15
140,4847182,36913,2
141,3371903,10448,10
142,2664370,30004,22
143,6163240,21095,31
144,6286424,38818,10
145,4370673,36003,12
146,3502411,31900,13
147,3248909,38523,14
148,6220944,22893,33
149,4351067,21779,18
150,2478712,26714,4
151,6333103,14156,47
152,4552953,29674,4
153,4320170,17869,6
154,3117762,29169,36
155,4997935,30144,36
156,5484486,42096,9
157,5678111,33144,7
158,5465222,39302,31
159,4213059,49484,24
160,5798980,28688,7
161,5580596,37030,32
162,3112139,15887,20
163,4055179,52020,145
164,4029273,24711,3
165,3466416,37182,11
166,4633114,28394,9
167,5154083,47057,11
168,4300606,41956,14
169,3024494,37991,37
170,5521817,40200,33
171,5044766,30040,30
172,3904763,46784,63
173,4159302,64880,20
174,5488649,23412,17
175,2954550,35747,8
176,3409063,79722,78
177,6215996,13499,10
178,4449111,28093,7
179,4053394,26561,7
180,2946295,36135,12
181,5884951,54391,31
182,5748277,32815,2
183,4183662,27750,15
184,5964969,26867,49
185,5749814,44400,32
186,4062391,33985,8
187,4392193,30076,7
188,1291389,27217,29
189,4093029,15029,3
190,3090373,30709,6
191,5800271,24432,7
192,3437153,11545,11
193,5014424,50694,4
194,6194273,33520,26
195,3989767,21811,17
196,5042534,46938,25
197,3095538,36472,137
198,3768625,19385,32
199,3950817,35905,95
200,3464145,26441,16
201,5319816,41542,38
202,6157665,59977,4
203,2873419,37622,64
204,3003635,27677,34
205,4938527,31633,38
206,4447464,46505,65
207,5797451,31885,50
208,5549756,28463,72
209,5107608,10402,11
210,3772094,29312,26
211,4253124,35409,28
212,3266221,26372,3
213,4227090,40280,45
214,6030179,66396,354
215,4216812,19477,7
216,6384327,62530,594
217,5884479,50399,15
218,4143818,20549,56
219,5967749,33911,15
220,3003275,22578,50
221,4546055,34731,22
222,6402368,24647,38
223,4509647,28716,34
224,5498513,24821,80
225,3378444,18329,46
226,5952115,35829,20
227,6171928,28369,8
228,2442074,54533,54
229,1896159,27989,26
230,2964600,10562,7
231,3193033,19273,25
232,2231342,27923,60
233,4165593,39559,7
234,4607851,63995,91
235,5759258,37750,35
236,3460928,40269,8
237,2838810,19448,18
238,5243192,34097,27
239,2998486,27935,71
240,3498328,23141,5
241,3490787,26193,11
242,4361141,38334,14
243,4079592,27107,55
244,4406756,40716,31
245,3118717,19815,12
246,2995800,25974,16
247,6231830,45290,36
248,1887535,22388,32
249,3858258,32094,34
250,4490652,35848,39
251,5426340,24081,15
252,4834321,26669,10
253,4382026,42944,61
254,5574934,29300,18
255,2940179,21782,30
256,2689650,30958,11
257,4340912,46726,9
258,4493140,23583,39
259,3349136,27221,12
260,4920370,37606,61
261,3265288,17494,11
262,5682100,50617,71
263,5425087,56255,88
264,5555831,38160,146
265,3519509,36168,50
266,4365038,47663,9
267,4415959,21077,18
268,3239240,31967,21
269,2268701,35755,21
270,6023953,176070,647
271,2268677,34199,29
272,4430254,54126,56
273,5098225,40712,35
274,4865053,34429,31
275,5560520,43739,16
276,4933795,30511,27
277,3827979,37966,22
278,4233625,453774,2448
279,3221647,25683,76
280,6402692,33308,33
281,5967813,67168,238
282,3724290,18310,19
283,4696259,24256,32
284,3690973,48155,111
285,3417525,26666,36
286,4786679,30265,19
287,2924870,47713,13
288,4119203,28435,52
289,5344020,75340,62
290,6037384,35677,38
291,4719703,27126,1
292,5446770,35964,171
293,4414384,45510,34
294,4060039,35480,36
295,3850550,34448,63
296,3118248,35981,62
297,6169447,28213,26
298,3430698,38052,201
299,3651337,49204,15
300,5052596,32671,48
301,529468,20948,50
302,5455098,34873,20
303,2920027,23690,49
304,5831863,39673,69
305,4719664,31111,6
306,3307193,26145,15
307,4500960,74831,55
308,3671448,23253,82
309,5901166,54618,20
310,4564908,26183,24
311,4943957,16539,17
312,6339106,33142,22
313,5740470,27995,439
314,6292665,31179,18
315,3600624,30932,68
316,3128623,29144,7
317,3855356,47190,122
318,5242534,33153,38
319,4583609,33486,25
320,3927658,31310,90
321,6034300,23724,12
322,3617865,25403,29
323,3662994,37950,9
324,3411665,41893,1
325,1501014,17750,18
326,3865968,79906,350
327,6391934,24334,30
328,3530465,27521,20
329,4856626,7129,26
330,4943736,93138,232
331,3714284,24720,18
332,5610141,39948,22
333,4043974,27485,20
334,5645649,39375,62
335,5600248,28323,2
336,5054586,45081,46
337,4230377,55121,24
338,6114833,42859,51
339,6077512,19995,32
340,2954308,33618,24
341,2827797,24050,40
342,5240325,42165,11
343,5425183,88551,262
344,5578665,56676,39
345,3362599,30081,15
346,4704251,30059,9
347,6343317,87187,6
348,3975763,27581,20
349,3467093,23230,106
350,4928288,31382,25
351,2872328,52534,51
352,4605414,26733,29
353,4940887,50428,15
354,5298535,51780,11
355,3913082,42838,91
356,3778938,47977,35
357,3391988,30258,10
358,6365648,33713,8
359,3748518,33691,116
360,2796060,25809,24
361,3646215,36539,19
362,6286420,48932,11
363,4035805,56983,142
364,2375316,22842,41
365,6160210,33364,59
366,4499799,30297,16
367,4736496,53536,35
368,5486514,73271,19
369,4240250,34789,81
370,4499811,12032,18
371,4968463,14402,9
372,5886246,37153,18
373,3490857,36373,37
374,4390160,24179,32
375,2522275,68141,24
376,5504861,24875,40
377,4406017,21763,34
378,5513266,38458,29
379,3776764,39804,10
380,2719752,51982,141
381,6065273,50317,57
382,4566138,31267,15
383,3339513,33053,49
384,5264395,27311,11
385,5872776,20580,8
386,3170267,53496,110
387,5679364,36740,20
388,5485691,35028,40
389,3050678,31753,17
390,4319766,24187,99
391,2422836,24047,9
392,3545202,29631,9
393,2890690,18717,7
394,2735533,6320,3
395,5571587,28009,7
396,5862003,27606,11
397,4210627,44125,88
398,3125316,12180,13
399,4359450,33328,57
400,4166915,53416,34
401,3196682,30214,73
402,4553502,15110,4
403,3141142,26015,10
404,4685593,51683,8
405,5320743,36797,67
406,5445271,46509,2
407,1283747,39655,15
408,3370648,30017,19
409,4636622,20910,6
410,1621100,47645,9
411,4107772,24118,8
412,5757500,43621,40
413,4390558,37435,25
414,4651334,52809,74
415,4554992,48560,24
416,3691614,34896,23
417,4591724,39516,110
418,5096289,27985,51
419,6072076,39784,17
420,5391967,27162,22
421,4857029,51137,153
422,3261938,31328,22
423,3681338,3048,0
424,3201910,28100,60
425,6155550,27368,51
426,5422488,27393,17
427,3790696,40763,10
428,4134233,34455,28
429,3055843,14111,20
430,4176725,38748,38
431,4706018,39041,19
432,3183225,22269,29
433,5414187,30856,44
434,4280006,76321,236
435,3924086,32300,36
436,4886100,33495,126
437,2180180,20943,23
438,4396864,27353,14
439,5724203,22312,21
440,2910668,10715,16
441,3191430,23835,33
442,6187500,33692,6
443,5976148,34097,115
444,5869220,22678,18
445,5818495,30869,7
446,2846866,38264,44
447,3642699,27471,90
448,4454491,56155,26
449,5334706,22301,33
450,5689226,35705,22
451,6020366,48382,118
452,270045,31886,38
453,5853448,24732,35
454,3938675,26154,55
455,3023774,40644,75
456,6097598,49210,112
457,4995550,31345,3
458,4588263,27679,44
459,4538262,38978,12
460,4671237,39932,24
461,3162925,22343,80
462,4228453,27563,21
463,5332044,41354,11
464,4702178,24056,14
465,5332026,51496,34
466,4784882,34648,43
467,5340586,23929,26
468,5739849,21478,35
469,5672734,133157,665
470,4112419,38182,13
471,6261012,37903,25
472,5740406,30911,54
473,6048072,32194,41
474,5058534,38737,114
475,2222612,34320,20
476,4364730,54295,109
477,6145101,46923,13
478,2592265,14343,49
479,5526137,41539,53
480,5601946,37214,16
481,4776077,65643,73
482,2717114,18290,43
483,2861068,26314,54
484,5019021,14955,7
485,5812055,55129,47
486,6040702,58009,40
487,4509481,68878,57
488,5717625,38904,39
489,6351417,33832,10
490,2963773,24824,22
491,1705533,55252,136
492,6169941,46255,22
493,5199068,28418,22
494,4276013,20203,102
495,4353663,29639,132
496,6346569,43562,24
497,5369073,39934,108
498,5399808,20413,12
499,6396863,29281,16
500,5941494,33043,14
501,5134049,14518,0
502,2728836,43028,53
503,5799790,8256,21
504,3730592,23267,25
505,3682862,43762,75
506,3308937,44805,23
507,4564003,37260,47
508,4340909,38305,37
509,5417808,17418,25
510,5282651,33513,28
511,4108438,36863,25
512,5846234,34370,21
513,4108356,33139,35
514,5886061,49233,41
515,5320466,40879,49
516,5856740,38877,5
517,5013778,44908,37
518,3621426,26297,25
519,4839108,30005,27
520,4621740,35872,53
521,5914720,38772,21
522,3974052,35397,10
523,2804793,27935,23
524,3007589,27064,72
525,4751336,39189,22
526,4376025,24624,31
527,2453159,27885,60
528,4589980,23395,7
529,5429801,32263,12
530,4998769,22159,19
531,5466777,32490,4
532,3547393,53371,79
533,4570699,36855,12
534,6390311,30990,42
535,4140611,66398,21
536,5569136,36944,27
537,3732899,26299,21
538,4774031,53947,130
539,3750535,38259,16
540,3159203,20974,6
541,5769046,28134,40
542,4123946,69188,287
543,4210572,25582,16
544,3105939,50704,42
545,3542094,58897,105
546,3063209,21731,16
547,4065709,21962,58
548,3671711,23931,0
549,4227988,24693,10
550,1564174,36789,143
551,5021237,29478,12
552,5642897,27883,51
553,5800095,35513,68
554,2828452,35708,6
555,4747861,29274,12
556,3167767,30150,47
557,5903705,27658,55
558,4845234,109008,45
559,3694952,19518,39
560,6166594,37192,8
561,4604461,33815,23
562,4127044,22415,15
563,5198894,28631,67
564,6196880,41194,8
565,4158856,38826,25
566,2891814,27775,18
567,5103494,46435,35
568,4946102,32579,5
569,5615506,45895,17
570,3559346,47574,38
571,6408909,39200,23
572,4806464,36011,29
573,2830418,22733,4
574,6293967,44496,34
575,4093522,14342,26
576,5941586,31662,3
577,5978206,28885,15
578,6239061,21375,28
579,4682183,42888,30
580,3716525,27459,13
581,5835349,24164,12
582,6132394,46875,113
583,3234440,43966,30
584,4103116,13318,22
585,3226633,50307,49
586,5743221,35682,0
587,3020222,35048,24
588,3166751,24618,22
589,5768659,45012,26
590,5757227,25725,209
591,5802843,61213,6
592,4308072,47764,39
593,3233705,36918,287
594,4232705,64412,156
595,4142746,17780,14
596,5981971,36968,86
597,6416551,19217,18
598,3401282,28777,14
599,4262261,25338,55
600,3495409,28792,16
601,4956036,28396,6
602,4322292,15152,25
603,5994432,31974,39
604,4550277,39607,43
605,5864001,47755,172
606,3901666,71487,43
607,4070953,20210,78
608,4394707,85277,172
609,5645728,36988,81
610,6379620,27967,16
611,4866765,44418,1
612,3747769,35606,6
613,5309886,21230,14
614,4408061,37191,43
615,4726318,37966,3
616,6330033,49013,30
617,5300876,25220,61
618,4218796,49366,92
619,5439730,38924,4
620,4782243,34496,53
621,4420251,31011,136
622,5876939,25013,73
623,5013629,28836,14
624,5258724,56659,83
625,4852905,29879,32
626,4059725,57151,149
627,6374682,48285,37
628,4489867,52961,118
629,4530241,38077,22
630,3011829,32837,185
631,4763323,15857,36
632,3538743,39664,12
633,3276089,35156,23
634,5025182,48612,183
635,3033402,23276,1
636,5190985,25695,8
637,3338669,17086,17
638,5434928,32419,70
639,6277178,36090,87
640,5504618,47513,27
641,4431321,27745,78
642,5510824,28243,21
643,6151982,37899,10
644,6041973,33893,48
645,3533899,51978,40
646,3103907,23695,13
647,2781160,20943,14
648,5866869,17585,3
649,4730454,40449,113
650,5931685,28640,9
651,3350531,31387,208
652,5298634,16291,18
653,4090427,23576,9
654,5687714,46334,83
655,5551112,40954,38
656,3274039,25305,9
657,4992883,43292,107
658,3544601,36375,86
659,3530552,32810,54
660,4079230,38117,57
661,5152897,16960,8
662,4790846,29944,6
663,5625779,26605,9
664,1480495,33946,28
665,4026135,36529,30
666,6417404,26774,14
667,4949237,42856,54
668,4344713,22872,39
669,6416304,29440,15
670,5755757,59630,1
671,3753314,64404,3
672,5180161,28940,66
673,6291161,59681,9
674,4062492,22179,55
675,4239030,36292,6
676,5033453,30626,136
677,3320638,28392,32
678,4829043,28887,38
679,1475787,25322,36
680,4683078,35462,110
681,6255801,46115,29
682,3686729,29213,11
683,3982105,43787,37
684,3720577,33443,8
685,4475365,42730,141
686,4031070,28105,41
687,5453478,78787,38
688,5838053,60572,65
689,4570391,29152,11
690,6167970,59204,132
691,6200921,44220,32
692,3591766,16069,54
693,6355713,39270,27
694,5970551,77951,34
695,6137159,23884,5
696,3686186,35380,82
697,3393698,25101,85
698,6150253,39047,184
699,6252068,51819,42
700,5889191,42836,143
701,3374614,49151,8
702,4024117,18403,8
703,3904951,56328,19
704,3163590,60272,289
705,3723670,32122,25
706,6194565,38932,29
707,4117546,31930,42
708,4334595,17170,9
709,5804130,22789,48
710,4346794,19683,40
711,3163582,32901,36
712,6152962,42800,165
713,3286251,25928,33
714,3545854,34074,19
715,3087796,41482,32
716,5228456,35205,109
717,3342321,51655,88
718,3508930,70080,167
719,5674050,25080,60
720,4999531,56562,105
721,3188517,37530,27
722,5816111,19441,12
723,3386486,29157,98
724,2898037,18653,57
725,4468869,60191,30
726,2754530,47094,112
727,5235366,74620,156
728,4063480,66111,222
729,3151241,40597,29
730,420068,18656,17
731,4829693,49330,29
732,5790871,44846,13
733,3287378,35276,65
734,3281211,40182,23
735,3076564,26178,46
736,5647130,29363,3
737,1242345,9367,2
738,6002991,32646,36
739,5481369,39843,91
740,4370824,34501,28
741,5585691,47502,20
742,4621511,33750,47
743,3532504,45133,74
744,4511516,35545,36
745,6314633,61091,46
746,4108128,38347,130
747,5478082,30362,83
748,6035214,26781,50
749,6144990,37924,74
750,4776910,44824,86
751,5258804,31634,10
752,5160005,21335,13
753,4262363,30780,13
754,6363761,49582,25
755,4569889,43123,55
756,4381092,94980,521
757,4929921,29587,21
758,6249212,39205,17
759,3374617,48486,9
760,6244297,27260,24
761,4778458,29035,22
762,3678492,35401,113
763,3982960,50349,118
764,5487779,20696,28
765,4483644,33583,25
766,5450352,44742,50
767,3619665,56277,13
768,3678333,39841,34
769,6112272,27322,34
770,3499862,31256,22
771,4771134,44597,23
772,5930333,53665,63
773,3751091,22946,115
774,3867321,54141,188
775,3438100,27839,65
776,5762987,14600,41
777,3669100,35445,83
778,4112215,45779,28
779,4860695,34780,94
780,4143858,22505,30
781,5919074,65375,18
782,4926661,53269,171
783,5356341,24370,34
784,3138026,24781,11
785,5519570,48520,111
786,5128747,21848,27
787,5697434,28673,116
788,6385184,45232,14
789,2805672,36976,25
790,5136663,16726,37
791,6408798,20398,56
792,3534081,38246,55
793,5880063,34431,41
794,5345125,56542,17
795,6079587,13509,24
796,4078730,15360,35
797,4909198,42340,19
798,3841148,25469,15
799,4477298,27587,115
800,3990644,37798,19
801,4565707,33306,19
802,4154810,24298,10
803,5495867,46144,31
804,3899269,34785,18
805,6111474,38047,2
806,3391285,36812,14
807,5345093,31867,24
808,4309611,40802,19
809,4850476,27805,22
810,3879102,15209,55
811,4588645,41956,149
812,5745187,6282,22
813,3376113,38803,35
814,5135815,24720,74
815,5355475,64176,44
816,5984304,21136,64
817,3093381,33879,53
818,3540672,26197,6
819,6218554,38863,16
820,6383829,41380,26
821,3888726,41207,65
822,2889845,30605,68
823,5326797,51872,21
824,5590976,36327,25
825,4369868,23457,106
826,6097749,22901,26
827,5303256,44907,248
828,4724075,53724,77
829,4987047,24953,52
830,4082704,44007,57
831,6124094,23717,55
832,3418184,31105,8
833,5533426,17144,2
834,2808895,16114,8
835,4768095,29613,15
836,5461779,21650,34
837,4153567,20664,9
838,5673833,11381,48
839,4367993,30374,52
840,4446285,17720,32
841,5805442,20517,9
842,3667383,31448,82
843,5636854,28449,24
844,3388060,34473,24
845,4440269,24850,65
846,3024231,49811,58
847,3827236,36819,51
848,4941689,94708,63
849,5296934,17161,4
850,4651346,31909,18
851,4877357,37643,51
852,4642556,19429,26
853,3699605,17045,7
854,3403851,48347,24
855,4580454,70468,15
856,5435042,27394,3
857,4926710,28613,143
858,3197521,39945,11
859,5821441,55570,40
860,3077006,16257,9
861,5237492,29692,35
862,4586641,49990,86
863,4297049,24744,8
864,3658278,64967,58
865,5598238,36331,26
866,5018474,34020,39
867,5558003,31107,32
868,4132400,23277,11
869,3749795,16373,14
870,4260210,17569,106
871,4028869,27860,8
872,6327027,41783,13
873,5522409,24206,52
874,4737851,39800,19
875,3673481,69249,132
876,3584084,36232,10
877,5030223,36304,34
878,3448906,29656,82
879,5870821,43060,32
880,4684318,54025,8
881,2751826,39696,12
882,2823172,19291,13
883,5179068,49797,39
884,6048033,31622,21
885,5938449,29219,25
886,3358933,9674,2
887,5362992,24768,105
888,4377292,18478,62
889,4893334,51590,58
890,3847043,25130,55
891,5812944,43409,109
892,3352532,36618,47
893,2799673,51409,11
894,6355766,18499,26
895,4984522,44908,228
896,3353290,30802,31
897,5332152,22137,34
898,4861517,22349,71
899,4250055,45547,45
900,3543234,48159,81
901,6134326,18101,6
902,4207678,23108,71
903,4167857,24880,26
904,4447408,31786,39
905,3724155,14078,39
906,4437653,56546,21
907,5349674,66582,34
908,6282324,47464,33
909,1392226,34135,23
910,4910229,32662,20
911,3377609,29966,64
912,4975878,64007,90
913,3441398,25857,117
914,3562551,39806,20
915,6210248,35836,37
916,3843706,59187,65
917,2848157,34408,32
918,5678892,213007,695
919,4460132,31516,57
920,6109050,35328,13
921,6023211,25835,0
922,5421315,37645,40
923,3364145,32033,10
924,4877094,38412,59
925,4241804,39747,37
926,5645869,29185,45
927,4215838,40069,20
928,4992805,13570,16
929,3201688,14419,21
930,6107281,35059,77
931,2951103,15186,6
932,4070707,28197,48
933,4254453,44074,24
934,5898940,27179,13
935,4182500,29850,52
936,3662394,22671,75
937,5552863,35272,25
938,4287492,21015,39
939,5895666,27162,32
940,4160255,20374,44
941,4386039,11229,13
942,5757420,14376,51
943,5156864,18174,91
944,6291088,42798,61
945,5144084,24279,108
946,6426878,30249,244
947,4166725,64307,187
948,4523815,44749,16
949,5537078,13145,78
950,4902508,20626,11
951,4557929,39948,196
952,3446192,11904,4
953,5931989,32469,3
954,4105623,46530,203
955,5960264,25443,23
956,3741518,85669,766
957,5773528,66719,11
958,5732528,38178,56
959,4528193,57734,7
960,4506785,22526,10
961,2559846,34847,22
962,5857133,49663,12
963,5240160,17527,50
964,5299649,32881,45
965,5361185,23851,46
966,2844410,47720,38
967,3554508,42301,16
968,3426256,20895,16
969,5348124,19736,29
970,3749444,26996,18
971,5923613,29150,25
972,5069308,31063,7
973,5469747,34175,114
974,5776895,14855,34
975,5944909,35601,47
976,2744769,47773,55
977,3812097,10520,6
978,5486257,17275,15
979,3652831,35309,12
980,5867346,28298,26
981,59655,14693,22
982,5507160,27269,18
983,5024994,31451,46
984,5330903,24247,23
985,6353167,39700,117
986,6316128,31900,95
987,6286517,29457,27
988,4942009,21893,28
989,2682572,39107,9
990,4553936,21699,27
991,6091951,66530,58
992,4567885,38588,19
993,6339124,25833,37
994,5687881,27448,19
995,6054685,40344,27
996,4981311,39348,57
997,4985811,25934,4
998,5207529,37535,19
999,6387132,26275,13
1000,4804553,17611,55
1001,3996087,22264,42
1002,6378045,34416,28
1003,3011831,16430,61
1004,4971674,21514,49
1005,3925300,47571,66
1006,4736163,20113,22
1007,6220510,34307,44
1008,4659615,37951,80
1009,5430838,25944,22
1010,4762241,27385,15
1011,5632920,20527,78
1012,2958336,19774,75
1013,3679800,50621,58
1014,3734204,15169,59
1015,5696435,46221,39
1016,4644628,32046,25
1017,3810542,17823,16
1018,6037708,25966,83
1019,5149473,20617,2
1020,4829227,22012,39
1021,6194468,23244,11
1022,4864277,43056,16
1023,3681669,41616,48
1024,4213497,34518,36
1025,2881901,32022,39
1026,6246977,22751,28
1027,5025212,25256,19
1028,4263060,27204,23
1029,4110017,23048,6
1030,4324784,25281,107
1031,5866716,29370,14
1032,3488675,33024,25
1033,4898425,31241,87
1034,5453567,25857,13
1035,5137025,34594,35
1036,3256173,20064,9
1037,4204870,36694,37
1038,3688903,26016,9
1039,4005746,42172,35
1040,3651385,22186,99
1041,6193992,38812,33
1042,4552758,79060,105
1043,5923020,29114,34
1044,4794859,20950,19
1045,4866340,9131,14
1046,5913565,10533,27
1047,4410203,26992,60
1048,6007631,20691,40
1049,5078919,28328,15
1050,5471724,50960,87
1051,6014044,36224,42
1052,5452376,34920,49
1053,5551168,26552,49
1054,5656610,25996,6
1055,3649954,25073,68
1056,5859815,23986,20
1057,3141653,21828,6
1058,4824494,13187,20
1059,4295270,30648,19
1060,1550388,21561,77
1061,4690316,23608,40
1062,5751996,45066,224
1063,5406880,39305,77
1064,4743403,27354,2
1065,4059990,38452,13
1066,4712491,32743,71
1067,5500929,33480,33
1068,4648153,7322,29
1069,4035672,42794,33
1070,6350353,56792,36
1071,5506510,54126,33
1072,5476808,20215,21
1073,5780677,28756,83
1074,5626785,54068,34
1075,3156131,40933,87
1076,4478007,38554,19
1077,5815048,18752,43
1078,3726729,19035,44
1079,4806519,28129,46
1080,5360035,23705,60
1081,3415110,25022,32
1082,3997880,14823,11
1083,6242357,43486,49
1084,5560231,40776,27
1085,4642624,21979,20
1086,3097888,37451,24
1087,5021828,32119,25
1088,5557565,25981,128
1089,4349819,36792,24
1090,6396892,7344,5
1091,4276015,29647,11
1092,6249405,31613,33
1093,3162569,22820,44
1094,3841903,13618,18
1095,4738708,12184,34
1096,5336646,58737,158
1097,4924834,50122,56
1098,5991846,19786,14
1099,4650681,18417,5
1100,5830728,46838,65
1101,4455791,30771,8
1102,5395659,59345,29
1103,4273531,16115,63
1104,3162927,6441,15
1105,6250544,26376,25
1106,6362071,31888,15
1107,5607216,56084,218
1108,3909193,30806,43
1109,3576296,26523,26
1110,4856840,39223,98
1111,4811293,45843,81
1112,3573472,25467,14
1113,3177874,46025,112
1114,4488351,32719,9
1115,6171458,26627,201
1116,3913612,31013,12
1117,5883360,54169,32
1118,5732545,36541,23
1119,4962404,35151,35
1120,5428662,28281,14
1121,4559953,40009,35
1122,4350093,26585,33
1123,6044267,38951,44
1124,3917896,39716,15
1125,4936789,30117,17
1126,5094142,25200,40
1127,5223590,23686,82
1128,6296084,37274,58
1129,4981403,63929,230
1130,5290328,38701,54
1131,3641111,42053,17
1132,3873379,39694,58
1133,5645695,32660,23
1134,3975625,25604,6
1135,6434582,32614,176
1136,5858365,48015,18
1137,5748789,21768,8
1138,3897072,18036,18
1139,5388993,35107,48
1140,2724646,10626,10
1141,6111247,44274,25
1142,6191245,25961,20
1143,3945569,36619,68
1144,4454569,31512,28
1145,5964643,43372,43
1146,6220493,53660,233
1147,4296868,15988,29
1148,5353743,38254,33
1149,3320621,53708,67
1150,3681859,39930,11
1151,4527764,31133,45
1152,3745410,28050,31
1153,6287361,28686,31
1154,4063483,31859,7
1155,5749843,45805,14
1156,6421950,27831,40
1157,5030079,21813,28
1158,5371324,63431,131
1159,4529016,34766,19
1160,4476797,45722,34
1161,5226692,44717,97
1162,2841266,41929,21
1163,5677266,41512,20
1164,4489449,25601,64
1165,2861593,40486,59
1166,5842468,15056,30
1167,4158560,17916,31
1168,5139964,20939,148
1169,4629694,16359,90
1170,1633741,29049,27
1171,2894007,25745,26
1172,4575109,29871,55
1173,5345865,34471,74
1174,3534574,35159,57
1175,3467640,35373,62
1176,5105321,25825,50
1177,3829986,34182,60
1178,3150802,15014,6
1179,3354664,24702,66
1180,4561474,15052,15
1181,4186830,50426,33
1182,6407501,29084,8
1183,4117488,30426,50
1184,4985060,34347,46
1185,4510763,9967,35
1186,5792432,26949,37
1187,4937005,42279,12
1188,5436104,29428,19
1189,4714524,17415,14
1190,5947463,22651,6
1191,4657061,9838,54
1192,5872744,20404,20
1193,4120722,25943,27
1194,5579427,29441,10
1195,3986856,24692,22
1196,3136700,36999,46
1197,3268745,51459,33
1198,3561247,27446,134
1199,3527359,22364,13
1200,6264014,31765,141
1201,5427865,10170,11
1202,5615017,9354,13
1203,6234538,20150,61
1204,4374337,28827,19
1205,6305578,56802,42
1206,3226500,32396,24
1207,5584035,38493,37
1208,5606046,14820,21
1209,4650754,21541,4
1210,4189602,37611,47
1211,5464483,26074,67
1212,4502940,25220,64
1213,4871458,32602,15
1214,5559487,27161,28
1215,6013216,24443,5
1216,5805238,77511,52
1217,4719217,30659,10
1218,4710603,27433,145
1219,6262728,45647,111
1220,5325469,37408,59
1221,4089080,43668,13
1222,5070737,37916,15
1223,3360010,33136,14
1224,2779936,31709,90
1225,6210267,41006,16
1226,5804079,19826,24
1227,5856224,24065,53
1228,3182932,19243,24
1229,4620687,36916,21
1230,4388389,21833,18
1231,6006744,27727,121
1232,5031424,35151,17
1233,3532499,32504,14
1234,6416922,30003,31
1235,3543354,31073,8
1236,3016965,13801,42
1237,5708046,33960,27
1238,4461417,38966,67
1239,3658852,32030,28
1240,5754130,32847,109
1241,5035056,38043,88
1242,6221015,66282,27
1243,5714345,48929,58
1244,6352228,24331,22
1245,3399834,32486,43
1246,5584802,48264,170
1247,2374891,27355,15
1248,5059986,35728,7
1249,4595078,30510,9
1250,4057905,31221,50
1251,6238763,19239,32
1252,4099159,17504,14
1253,4893847,37770,76
1254,5823905,56551,81
1255,5025139,28823,19
1256,6324084,17545,28
1257,3701615,18673,33
1258,6388930,54295,51
1259,5937567,21741,27
1260,4152176,55353,71
1261,6053621,43562,18
1262,3498221,31332,7
1263,3237560,34483,14
1264,5549763,31522,43
1265,6360736,44358,15
1266,3823625,19498,11
1267,3136404,28305,8
1268,4265202,54618,72
1269,3427338,45341,87
1270,2936408,37911,60
1271,3294564,19785,40
1272,5729434,21492,7
1273,4413788,27770,22
1274,1393264,23082,30
1275,5057213,31209,42
1276,4960874,26584,47
1277,4110012,33103,49
1278,3593185,22106,44
1279,3479127,23938,12
1280,3198825,49836,21
1281,4687047,53377,23
1282,2578771,23352,30
1283,6033402,28075,50
1284,3464812,22507,13
1285,3168136,10805,105
1286,4468055,43271,28
1287,4880204,48146,93
1288,3925443,16175,18
1289,6405275,27086,35
1290,5577667,36355,26
1291,3957867,21889,10
1292,5714073,10950,9
1293,4362622,17140,29
1294,4355495,28869,47
1295,5045018,39480,131
1296,3673328,26885,41
1297,5742987,18917,13
1298,3869659,49476,48
1299,3605491,19001,7
1300,4223516,24140,158
1301,4807498,52317,22
1302,6009014,18536,6
1303,3758290,43299,108
1304,5328733,17915,123
1305,3507888,36594,42
1306,3649638,14186,17
1307,6121613,30579,38
1308,6312617,23172,5
1309,5875676,28278,23
1310,4626964,19386,15
1311,1845143,68110,175
1312,4628278,21861,26
1313,4319102,54635,540
1314,3913375,28394,18
1315,4704634,28890,20
1316,3577778,46469,8
1317,4646852,46012,30
1318,3680469,46795,7
1319,6008815,9607,33
1320,5510906,39475,65
1321,6286522,29501,75
1322,5787939,13700,26
1323,3567930,36339,16
1324,4411027,28088,26
1325,5494037,41524,19
1326,4193740,28208,23
1327,5337709,38450,37
1328,6202706,34641,121
1329,4645727,24249,6
1330,5147920,40431,123
1331,3457900,27608,28
1332,3485103,27647,49
1333,5606846,56299,31
1334,1282577,31991,16
1335,3906022,63819,46
1336,5293116,32038,22
1337,3888565,35367,17
1338,5645842,32883,40
1339,3280766,22448,15
1340,4030213,9437,29
1341,5981606,25253,12
1342,3471884,36665,8
1343,4110522,45714,67
1344,4776375,19273,22
1345,3116495,37157,140
1346,5325296,45552,27
1347,6065315,22060,68
1348,4692972,20981,11
1349,4879997,20734,47
1350,1773019,22598,24
1351,6396915,25057,49
1352,6427553,36183,29
1353,5984400,36211,55
1354,4417328,23202,37
1355,4431205,60858,3
1356,5791975,33447,48
1357,3688898,22690,42
1358,3126814,33059,52
1359,3410098,13266,2
1360,4715352,24203,22
1361,5967720,36695,66
1362,5018929,16252,37
1363,5815193,62979,73
1364,2957445,26492,22
1365,5422893,26937,18
1366,5087854,28295,32
1367,3776739,37649,31
1368,6101548,36591,25
1369,4457013,22141,31
1370,3141409,36160,29
1371,5121490,33385,12
1372,5683317,16919,17
1373,3689088,40539,57
1374,4152586,26277,73
1375,5856323,16991,72
1376,4809009,58735,38
1377,5841742,23708,16
1378,5963133,13248,13
1379,3972163,17638,30
1380,4449220,31625,24
1381,5088606,33720,102
1382,5082847,39747,10
1383,5794091,28024,3
1384,3923241,18587,89
1385,2367678,29319,119
1386,3341328,21169,29
1387,4414466,30960,17
1388,5409555,29222,30
1389,4292996,32148,13
1390,3061912,22437,15
1391,4778872,18283,53
1392,2672384,22132,19
1393,4938940,44169,37
1394,5299018,33981,31
1395,4461778,21102,32
1396,3770704,40760,31
1397,4764926,18903,31
1398,3871053,39285,18
1399,4022361,22223,34
1400,6095900,35937,49
1401,4922662,20000,32
1402,6318511,17345,42
1403,5744659,42826,71
1404,5485744,28449,26
1405,3387183,31909,33
1406,3177631,27878,14
1407,4521725,33019,27
1408,5813514,13675,90
1409,5952686,27689,56
1410,4373168,46415,80
1411,5053325,23054,31
1412,2790099,38678,51
1413,5921387,33122,66
1414,4248421,24085,22
1415,5478740,29711,23
1416,5227014,30115,35
1417,6090691,29674,51
1418,4519242,42987,87
1419,5525249,52104,116
1420,3120827,36366,68
1421,4764901,29413,16
1422,3577845,25426,9
1423,4873007,34199,15
1424,5325580,42452,37
1425,4987333,40157,17
1426,4890923,15393,5
1427,3420019,23573,38
1428,3418069,20727,107
1429,3162534,40554,55
1430,6206631,31175,27
1431,4717541,41158,27
1432,5930812,32338,25
1433,3551728,51760,80
1434,6144989,54617,85
1435,5075714,41449,158
1436,3670880,82093,34
1437,5082812,32052,21
1438,4255651,37108,77
1439,5707946,31715,26
1440,3639099,24015,65
1441,5999130,53953,52
1442,5541523,36869,18
1443,6175417,47323,55
1444,5727659,31479,24
1445,5332551,28395,57
1446,2702270,17258,25
1447,4591283,34700,7
1448,4754877,53029,51
1449,5828144,32605,38
1450,6312321,29650,16
1451,3707449,32650,13
1452,3679083,72800,54
1453,4610535,57588,19
1454,4206275,38156,67
1455,5494614,27147,24
1456,6398781,26944,37
1457,6399304,43090,52
1458,5063477,38696,107
1459,4782569,28704,25
1460,4849797,61914,24
1461,5891839,25337,18
1462,3655253,11219,41
1463,4213982,25567,50
1464,5258657,32363,77
1465,1784064,25134,28
1466,1459110,29665,18
1467,4242577,54674,70
1468,4546668,23074,7
1469,4777534,25931,82
1470,6164465,28332,19
1471,3935940,25143,73
1472,3598834,29384,56
1473,2556700,12558,2
1474,3699617,68586,11
1475,5918967,12669,20
1476,3082965,54861,106
1477,6069888,24178,50
1478,4482448,42537,98
1479,5627488,66089,62
1480,4160682,16232,26
1481,6070204,30836,22
1482,3810920,28182,28
1483,6289964,41073,37
1484,5783212,9988,2
1485,4984503,42916,81
1486,6128623,22849,39
1487,3607246,43112,72
1488,6102527,29097,5
1489,5256943,47930,26
1490,5286448,29945,19
1491,6328421,33970,60
1492,2254195,32866,22
1493,5993769,23526,17
1494,4393264,25645,36
1495,4894731,22182,11
1496,5800232,55970,119
1497,5792465,42183,70
1498,5674148,41033,48
1499,4352092,48835,25
1500,5582320,26146,32
1501,5874267,38342,118
1502,5029229,32993,18
1503,6383612,24331,34
1504,4295271,10924,53
1505,2542388,23141,13
1506,3553431,33536,81
1507,5446261,23792,12
1508,6192281,45276,18
1509,3079695,20251,22
1510,5245826,20234,58
1511,4861752,27974,41
1512,3029334,29222,73
1513,5629303,19178,43
1514,5676607,20704,4
1515,3945561,26881,137
1516,5238449,63560,53
1517,4237398,40727,34
1518,5019368,24735,22
1519,3694022,36014,112
1520,5409643,32390,51
1521,4385900,28288,38
1522,3085078,16414,16
1523,3924102,14829,19
1524,5731095,23344,102
1525,3411752,48348,53
1526,4668674,58945,19
1527,5758633,18765,85
1528,3026645,24827,14
1529,3535724,11891,5
1530,4396565,30171,10
1531,4552639,17575,10
1532,4025023,17571,46
1533,3047692,29107,19
1534,3857535,26632,13
1535,5215676,26063,6
1536,2997795,47234,40
1537,4222889,46673,169
1538,2864210,38159,14
1539,6335917,16106,8
1540,4455843,20554,31
1541,3912900,31275,46
1542,5587284,56841,192
1543,6396604,14849,19
1544,6402110,33080,42
1545,6163563,29965,17
1546,5778629,31817,67
1547,4530480,18256,13
1548,6363497,8856,7
1549,6056037,21814,4
1550,6160426,52698,100
1551,3369452,19596,19
1552,4391281,16859,32
1553,3663160,15757,15
1554,5538746,51077,5
1555,3994509,34178,26
1556,4103076,44704,12
1557,4822242,29939,54
1558,4332727,12575,26
1559,2788533,30817,47
1560,3673474,37829,39
1561,6342328,40686,13
1562,3596342,32189,37
1563,6086070,42077,14
1564,4102437,23343,17
1565,4606803,15830,26
1566,5178080,21160,13
1567,4143263,19582,14
1568,3969321,30967,12
1569,5913807,31026,13
1570,5434039,27873,1
1571,5798521,37577,35
1572,5641194,23418,1
1573,4609517,47564,55
1574,6320450,30445,38
1575,2746191,24821,20
1576,5429431,22497,8
1577,6353143,57636,108
1578,4719215,29636,18
1579,5295254,17631,9
1580,5652047,10470,8
1581,3921128,21563,12
1582,4200082,31420,3
1583,4974723,32874,7
1584,3292461,22766,13
1585,4278883,26300,17
1586,4232676,31000,27
1587,5574601,17995,13
1588,4503775,40651,59
1589,3383709,43770,6
1590,5822522,14158,5
1591,4141227,21587,19
1592,3305385,44174,7
1593,1868715,16131,6
1594,2706841,16538,15
1595,4890247,32363,28
1596,3945588,34152,22
1597,4210200,44837,86
1598,5784600,48475,107
1599,6327093,19332,37
1600,5695355,36912,79
1601,6292234,26308,11
1602,3797056,26827,33
1603,3660740,36529,23
1604,6127141,20700,41
1605,6019810,57083,8
1606,6026660,37287,14
1607,5862834,26833,47
1608,4460649,39908,142
1609,5069881,23741,58
1610,6050686,35649,8
1611,5829673,36965,8
1612,5648284,27187,97
1613,5512757,26414,21
1614,2926931,26204,1
1615,3295826,34736,82
1616,4742275,67335,200
1617,4949752,29023,21
1618,6419142,23207,38
1619,5496534,38128,20
1620,5094122,27002,43
1621,4801334,26133,20
1622,4651321,13500,4
1623,5614274,24427,7
1624,3598340,25889,26
1625,4773933,21589,21
1626,5336354,32222,42
1627,2965904,11861,5
1628,4537035,32086,31
1629,3859767,31792,31
1630,5474373,20498,16
1631,5725733,34985,4
1632,3348038,31142,48
1633,4512142,17520,33
1634,4015411,19598,22
1635,3170595,30017,4
1636,4995510,30328,15
1637,3468748,8523,9
1638,6398757,29626,22
1639,3128412,37007,1
1640,4963949,18655,23
1641,5120827,30819,85
1642,2860981,38954,36
1643,5127654,36230,25
1644,4678607,42078,23
1645,2606649,17399,8
1646,4764600,37480,6
1647,4338154,31130,65
1648,4727920,45835,18
1649,3154270,56242,18
1650,5421449,23526,1
1651,5714593,41528,15
1652,2680901,46580,212
1653,4450240,28139,30
1654,6090843,24873,17
1655,5936963,40726,152
1656,4732677,48740,23
1657,4445632,33732,29
1658,5106090,32917,11
1659,3068257,24953,4
1660,5063144,33401,17
1661,4227647,19788,27
1662,3244420,27349,19
1663,6358362,24986,37
1664,5207294,28635,3
1665,6358657,47118,26
1666,5109686,46064,81
1667,4854059,8861,14
1668,6296135,18574,98
1669,6215639,49991,1
1670,5341168,51928,93
1671,4849857,31778,10
1672,3708944,32390,73
1673,6082112,24521,43
1674,5514087,33670,8
1675,5937473,20806,18
1676,3807633,35365,20
1677,3648503,31207,66
1678,4936981,18625,12
1679,5740795,15881,14
1680,3082239,28768,85
1681,4413734,20721,4
1682,3386916,45358,74
1683,3348575,27276,9
1684,5670339,17491,19
1685,4450894,32971,4
1686,4562196,22946,31
1687,5793960,27145,12
1688,3704955,21960,52
1689,4693343,18879,30
1690,5942429,35868,43
1691,3446913,23224,56
1692,3994903,28430,17
1693,4311383,23854,30
1694,5156822,29207,4
1695,4937909,26752,11
1696,1832199,28905,26
1697,4219716,25740,33
1698,5948258,52814,57
1699,4364250,24356,21
1700,4319948,20975,19
1701,5460424,25898,4
1702,5079013,37192,19
1703,5056290,37448,45
1704,5363919,35039,27
1705,3831109,32547,4
1706,6234333,23994,17
1707,5883310,16049,69
1708,3939345,15027,4
1709,6347145,32162,33
1710,6072909,30353,4
1711,5333468,32607,36
1712,3416811,41663,16
1713,5939869,60502,129
1714,5423645,35603,74
1715,5668367,54411,28
1716,6368287,30202,11
1717,1975471,40721,27
1718,4162922,32358,8
1719,5026348,39828,184
1720,5226106,52242,83
1721,6024099,45014,40
1722,3365007,32824,20
1723,2602971,32982,5
1724,5301240,42929,10
1725,4735811,22759,35
1726,3228981,23106,9
1727,5968662,25552,17
1728,3740714,21188,14
1729,6124081,34873,7
1730,5543056,27961,30
1731,2865642,36019,32
1732,5908063,21672,16
1733,3542179,40998,53
1734,5745919,32517,26
1735,5677770,25632,4
1736,5836856,24854,7
1737,5568746,73284,11
1738,3342226,22988,30
1739,6203071,27722,13
1740,3204773,23254,40
1741,3575393,42795,24
1742,6074372,19107,17
1743,5516185,38239,15
1744,3476896,20838,6
1745,4759226,25683,4
1746,5398652,35201,47
1747,6322748,24053,56
1748,6197833,21257,21
1749,5332260,23530,39
1750,3467401,30722,58
1751,6161837,35826,16
1752,5319165,53459,463
1753,6025807,30334,7
1754,6035251,34505,21
1755,6410559,24030,9
1756,3786079,23523,11
1757,5658920,24571,29
1758,5138449,26805,25
1759,6069043,28684,30
1760,5384512,27774,4
1761,5553054,29662,87
1762,3975844,22253,4
1763,3570525,39730,6
1764,5937588,19945,31
1765,6436149,44227,36
1766,6228548,41435,37
1767,2577634,35123,51
1768,6018522,29297,12
1769,5210224,29470,10
1770,5395942,24416,15
1771,4338131,32686,110
1772,5645399,22476,49
1773,4783037,71110,12
1774,4548539,26686,72
1775,5931243,66183,14
1776,6324470,30774,10
1777,5577702,28337,59
1778,5754391,29263,8
1779,5804762,31158,33
1780,4298061,24531,4
1781,6160098,80630,27
1782,6357956,22047,44
1783,4491346,20621,8
1784,1281290,21934,14
1785,2955963,30551,15
1786,3470929,24993,8
1787,4247212,36294,197
1788,3473966,20679,65
1789,5337264,17751,20
1790,4433365,29450,3
1791,4130380,22844,16
1792,5121533,34941,28
1793,5913885,38472,50
1794,2859400,22963,20
1795,5418559,27138,3
1796,3228940,25508,15
1797,6157374,26030,18
1798,5867322,29064,7
1799,4777901,26707,24
1800,4795564,25959,9
1801,3113910,18149,4
1802,3039685,42939,53
1803,6360522,34472,37
1804,4307167,27786,20
1805,4828612,21447,22
1806,3841197,45527,4
1807,5113072,43766,123
1808,6173854,32207,174
1809,4047773,46057,42
1810,2966461,40902,26
1811,4335179,27597,39
1812,4987972,38503,111
1813,6093267,33339,29
1814,3970304,11625,4
1815,6275115,29950,41
1816,420473,29824,20
1817,4970246,33663,5
1818,4384795,19779,53
1819,3669285,34225,22
1820,4826513,18614,6
1821,3615178,17348,4
1822,3130698,36150,74
1823,6350289,24573,15
1824,4778873,36999,50
1825,5745947,37590,40
1826,5330499,33157,15
1827,3694079,38891,30
1828,5625812,24346,13
1829,3556718,31276,12
1830,5872011,29032,32
1831,5679379,22863,14
1832,2763696,16237,11
1833,4520713,56639,9
1834,5515059,32732,50
1835,2909198,21616,25
1836,6369174,36892,24
1837,5837355,34925,17
1838,4977754,23813,1
1839,4051381,29661,19
1840,2688481,44805,33
1841,3933773,15043,9
1842,3323412,23498,137
1843,3381061,23268,10
1844,4545939,24969,38
1845,4532840,12710,7
1846,4831118,21191,26
1847,4247303,13018,10
1848,5361684,19961,6
1849,6203013,23277,13
1850,5750423,24237,7
1851,4026226,21285,4
1852,3356384,25897,42
1853,3573865,31457,18
1854,5415859,17453,11
1855,3387629,33511,11
1856,5487538,26867,44
1857,4139048,23226,10
1858,4311425,35255,11
1859,4931250,52159,22
1860,4238986,37758,57
1861,4213709,20838,19
1862,4543473,35254,73
1863,5027622,40942,25
1864,3810439,18866,0
1865,6263273,21788,14
1866,3994656,25175,18
1867,4280683,32282,14
1868,6138716,20867,3
1869,6007056,37839,39
1870,6157372,20412,11
1871,6084339,18737,11
1872,4816317,29246,10
1873,3393123,16218,12
1874,5832471,21212,23
1875,5308272,26608,91
1876,6354383,34327,6
1877,3703282,23639,51
1878,5872284,18505,12
1879,3876993,31202,8
1880,6221218,11632,61
1881,4028454,13152,37
1882,5770595,26691,10
1883,6255942,61903,35
1884,2981076,29043,12
1885,5018579,25868,2
1886,3677908,15515,52
1887,3906971,35292,17
1888,6306215,19787,8
1889,3429466,24282,40
1890,2638457,27186,23
1891,4816954,27631,66
1892,5629762,33410,51
1893,4564432,19624,18
1894,4070904,49474,34
1895,3793522,17622,16
1896,3818276,48341,23
1897,1855931,14597,8
1898,5795096,19051,4
1899,4308638,26913,22
1900,1079879,36292,37
1901,5062813,29198,40
1902,3032913,24755,135
1903,3863118,21847,20
1904,4544035,23225,13
1905,4100855,17149,10
1906,4537650,20410,19
1907,4717450,25069,2
1908,6045824,23854,24
1909,6075611,32803,2
1910,6008904,25714,8
1911,4733220,34255,7
1912,5284344,24996,7
1913,6354348,30913,4
1914,4852626,41176,11
1915,4467626,27530,27
1916,6005507,22361,33
1917,5319350,26846,4
1918,5314644,48593,56
1919,5031338,27100,3
1920,3542187,38008,62
1921,3463184,13481,11
1922,4319910,32019,66
1923,4050508,36982,26
1924,6037108,55334,14
1925,3541407,36035,59
1926,5533762,26797,8
1927,4364854,26853,9
1928,2464745,39680,9
1929,4039997,34334,7
1930,4969634,33472,20
1931,5808414,21683,6
1932,5904560,26465,88
1933,5381282,35590,32
1934,5430371,28310,5
1935,3298482,36851,70
1936,6386807,25373,11
1937,3177887,38068,2
1938,3679924,22944,26
1939,3011911,28852,15
1940,5786297,34673,30
1941,4502463,18016,19
1942,3178511,17228,9
1943,4955144,33013,4
1944,4971005,22442,17
1945,3654554,27222,4
1946,5400082,29629,35
1947,3320391,29204,166
1948,4985151,41707,63
1949,3671111,42448,10
1950,5907784,47709,22
1951,5567498,24767,39
1952,6027744,30050,41
1953,6035491,26586,0
1954,5341453,33297,19
1955,3594159,18492,7
1956,5916461,18012,24
1957,3652855,26801,19
1958,5294727,41705,18
1959,3889825,27767,6
1960,4872428,30706,13
1961,5080300,15014,16
1962,3641490,32752,17
1963,5175380,36770,72
1964,5282493,40675,165
1965,4803337,28477,29
1966,3598426,33606,10
1967,4989458,25177,11
1968,2990335,50378,146
1969,5529349,51933,37
1970,4745467,22237,23
1971,4014580,62713,16
1972,5087863,21075,4
1973,5142427,41637,123
1974,4666462,43735,40
1975,4979710,35823,51
1976,4511434,23388,8
1977,4792457,35860,16
1978,5610548,27847,15
1979,6002315,28201,11
1980,3921557,75609,520
1981,4997044,38549,7
1982,6159857,52077,201
1983,3146890,29089,25
1984,4467189,34435,26
1985,3359193,33419,8
1986,5100179,32828,9
1987,2995439,33486,2
1988,6060159,50890,14
1989,4747983,50228,16
1990,4525743,12927,54
1991,4630450,29486,48
1992,5827559,46194,85
1993,5645098,34997,20
1994,4816959,17819,21
1995,5435044,37372,24
1996,6312584,18111,38
1997,5069922,43608,90
1998,6141857,30065,15
1999,5688981,24595,8
2000,5743477,19987,21
2001,3574826,25362,7
2002,5627046,46086,145
2003,3117142,24066,30
2004,4657961,29375,13
2005,4893632,26535,10
2006,3623666,33909,7
2007,5570675,24627,59
2008,4555121,23331,21
2009,6277322,27882,1
2010,3104955,36695,117
2011,4444353,8803,8
2012,3430992,51488,67
2013,5293265,29244,10
2014,4791290,48041,34
2015,6334446,29944,14
2016,3478203,25870,46
2017,5953373,55588,136
2018,6185862,31896,29
2019,4261886,13063,14
2020,3839919,28896,41
2021,3907130,35014,26
2022,4485969,41704,38
2023,6131881,27151,8
2024,4896011,24764,9
2025,2377098,21130,41
2026,4523566,36042,11
2027,5359963,29211,27
2028,5335778,22163,13
2029,3664322,30849,12
2030,6137881,26958,59
2031,4090214,17131,112
2032,5516977,36787,23
2033,4970233,29517,24
2034,4490171,23041,30
2035,5474090,27203,42
2036,5249056,29113,60
2037,3999359,50541,47
2038,3304403,24229,10
2039,5602098,34686,21
2040,6249876,38813,19
2041,3901894,23847,4
2042,5585321,29540,24
2043,2954150,34379,74
2044,4189799,10369,3
2045,3726449,37178,24
2046,5662350,15737,9
2047,4036766,21429,48
2048,5449112,30021,22
2049,5735980,38759,49
2050,5082557,35203,40
2051,6235403,51408,48
2052,4743290,16370,12
2053,4864194,30490,31
2054,4091747,46202,22
2055,3650573,39780,21
2056,6112295,17270,7
2057,4751707,12184,74
2058,2579483,18953,26
2059,3804608,32909,24
2060,5418710,41259,6
